--INSERT IN THE TABLE club
INSERT INTO club Values(3002045068,'San José',50671149075,'ca2030@racsa.co.cr','18/03/1956');
INSERT INTO club Values(3002078693,'Tres Ríos',50683185215,'info@activo2030tresrios.org','08/09/1979');
INSERT INTO club Values(3002754421,'Metrópoli',50686487615,'clubactivo2030metropoli@gmail.com','14/10/2017');
INSERT INTO club Values(3002800540,'Tilaran',50622332030,'clubactivo2030@gmail.com','02/03/1974');
INSERT INTO club Values(3002674149,'Limón',50683185215,'clubactivo2030limon@gmail.com','23/10/2012');

--INSERT IN THE TABLE board_of_directors
INSERT INTO board_of_directors VALUES(02,2018,'Rosales Sanchez','Helen Sandi','Hugo Mora','Donald Torres','Rosa Fernandez','Fernando Tencio',
	   								  'David Rodriguez','Moises Gamboa','Magdalena Carmona','Gledys Gutierrez');
INSERT INTO board_of_directors VALUES(64,2020,'Raymundo Castillo','Claudio Salas','Anabelle Quintanilla','Santiago Romay',
									  'Armando Moreira','Leticia Reyes','Federica Salis','Diniveth Vivas',
									  'Jader Ojeda','Kristell Duarte');
INSERT INTO board_of_directors VALUES(27,2006,'Roy Oviedo','Ruben Marin','Stephanie Quesada','Maria Alfaro',
									  'Alfonso Acuña','Sabrina Juarez','Rodolfo Jimenez','Jenny Lopez',
									  'Manuelita Gomez','Luis Bolaños');
INSERT INTO board_of_directors VALUES(04,2021,'Hazel Navarro','Miguel Salazar','Ana Carranza','Antonio Vazquez',
									  'Adriana Rojas','Cesar Solartes','Lucinia Salazar','Guillermo Guillen',
									  'Andrea Hidalgo','Javier Solano');
INSERT INTO board_of_directors VALUES(12,2019,'Jimena Osorio','Sabina Rodriguez','Ana Aragon',
									  'Maria Gamboa','Bruno Velazquez','Oscar Osorio','Eddie Duarte','Lisseth Vivaz',
									  'Xiomara Rojas','Mirieth Castro');
INSERT INTO board_of_directors VALUES(07,2019,'Mario Zuñiga','Pamela Centeno','Lia Murillo','Julian Cruz',
									  'Margareth Aguilar','Esteban Cordero','Catalina Lobo','Karina Valverde',
									  'Karina Urbina','Julio Robleto');
INSERT INTO board_of_directors VALUES(08,2020,'Jones Cruz','Jose Hidalgo','Eva Navarro','Resne Carrera',
									  'Mia Brenes','Rogelio Garcia','Fabio Salas','Fabricio Chacon',
									  'Gabriela Martinez','Fabian Raudez');
INSERT INTO board_of_directors VALUES(15,1971,'Cesar Solartes','Kristel Soto','Alajandra Barrantes','Liz Vega',
									  'Monserrat del Castillo','Porras','Segura','Carmen Sequeira',
									  'Pablo Obando','Nicolas Mena');
INSERT INTO board_of_directors VALUES(03,2020,'Gerardo Duran','Gonzalo Carvajal','Justin Solano','Patricia Artavia',
									  'Monica Venegas','Elizabeth Monge','Erick Orozco','Lara Benavidez',
									  'Leo Motoya','Nora Garita');
INSERT INTO board_of_directors VALUES(37,2016,'Luisa Guevara','Luz Carrillo','Raul Coto','Sarah Morera',
									  'Genesis Santana','Ulises Loria','Emma Cubillo','Mariana Leiva',
									  'Jorge Cubero','Isabel Ulloa');
INSERT INTO board_of_directors VALUES(24,2001,'Kaina Trejos','Manuel Masis','Lizbeth Saenz','Josue Saborio',
									  'Daniel Blanco','Alejandra Lizano','Antonio Moreno','Lucia Acosta',
									  'Wendy Aguirre','Fabiola Rios');
INSERT INTO board_of_directors VALUES(16,2011,'Miguel Medina','Geancarlo Zeledon','Rafael Conejo','Gledis Cardenas',
									  'Elisalieth Parra','Arturo Montes','Anleth Estrada','Patricia Barientos',
									  'Carlos Solera','Carmen Viales');
INSERT INTO board_of_directors VALUES(09,2007,'Ester Montiel','Gabriel Cabezas','Hugo Cardenas','Yindra Huertas',
									  'Sugelen Pineda','Gregorio Peralta','Laura Jarquin','Francela Luna',
									  'Calixto Figueros','Dayana Chaverri');
INSERT INTO board_of_directors VALUES(11,2013,'Rut Santamaria','Otiel Ocampo','Fabian Guadamuz','Meylin Montenegro',
									  'Cleotilde Mayorga','Nelson Barahona','Jose Jimenez','Leandro Astrada',
									  'Angelica Baltodano','Yoselin Medina');
INSERT INTO board_of_directors VALUES(13,2015,'Nohemi Blanco','Aaron Jimenez','John Guillen','Andrey Sandi',
									  'Keylin Contreras','Idania Aguero','Saul Villalobos','Ericka Pereira',
									  'Yendry Coto','Samuel Ugalde');

--INSERT IN THE TABLE project
INSERT INTO project VALUES(63,'Rueditas de amor','entregado sillas de ruedas y coches para niños y niñas que presentan necesidades especiales',
	   					   6,'12/06/2004',10,0,12725000);
INSERT INTO project VALUES(07,'Lecheton','Gran colecta nacional de leche, con la finalidad de donarlo
						   a hogares, asilos de ancianos,albergues y comedores infatiles de 
						   escasos recursos',20,'19/01/2010',3250,2075,625000);
INSERT INTO project VALUES(02,'Magico Sueño de Amor','Pretende cumplir sueños a niños que se encuentran con
						   enfermedades en Fase Terminal',10,'20/03/2007',25,0,365000);
INSERT INTO project VALUES(06,'Celebración día del niño','Se les hace a los niños una celebración para
						   felicitarlos',15,'09/09/2000',1627,0,5450000);
INSERT INTO project VALUES(18,'Entrega de Computadoras en Casa de Pan','Se dan computadoras portatiles y accesorios a niños',
						   4,'02/02/2018',10,0,1075285);
INSERT INTO project VALUES(36,'Equinoterapia','Se realiza una donación en conjunto con Plantas Eólicas SRL para 
						   el transporte de los niños con Autismo que reciben equinoterapia',5,'21/04/2008',21,0,
						   11500000);
INSERT INTO project VALUES(40,'Inicio de clases','Entrega de útiles escolares al inicio de la temporada 
						   escolar',4,'25/01/1989',125,0,8957000);
INSERT INTO project VALUES(264,'Enjoy','Para celebra el día de niño de una manera diferente llevando alegría en una dulce cajita, 
						   nuestra cajita Enjoy, en tiempos de COVID',5,'09/09/2019',2375,0,12584000);			
INSERT INTO project VALUES(09,'Peaje Voluntario','Recaudación de fondos para las actividades que se realizan 
						   durante el año, como las donaciones a centros y comedores infantiles',8,'07/05/2002',
						   456000,221000,3500000);
INSERT INTO project VALUES(52,'Cena Navideña','Preparar una cena navideña para niños de bajos recursos',
						   12,'25/12/2006',70,0,175000);	
INSERT INTO project VALUES(08,'Ven al cine conmigo','Visita a Cinemas con Niños de áreas rurales',
						   10,'14/11/2009',30,0,256000);
INSERT INTO project VALUES(72,'Construcción del Centro de Educación Comunitario','Construcción de un centro donde podamos apoyar a la niñez 
						  y a la juventud para contribuir a su desarrollo en la comunidad',7,'02/03/2015',52,13,54896400);
INSERT INTO project VALUES(14,'Eco Cabalgata','Se realizan actividades para recaudación de fondos para los grupos de adultos mayores',
							15,'17/09/2018',0,325,3075000);
INSERT INTO project VALUES(13,'Stand Up Comedy Show','Recaudacion de fondos para proyectos',4,'08/11/2015',552,253,2300400);
INSERT INTO project VALUES(45,'Sesiones de Zumba en Verano','Promover el ejercicio físico y a la vez recaudar fondos para proyectos',
						   3,'20/09/2019',125,356,1964142);

--INSERT IN THE TABLE member
INSERT INTO member VALUES(109511760,'Rosales','Sanchez Bonilla',50673456891,27,'Activo','rosalessb95@gmail.com',3002754421,07,02);
INSERT INTO member VALUES(206110897,'Claudio','Salas Contreras',50684629150,42,'Activo','clausalas879@gmail.com',3002045068,02,64);
INSERT INTO member VALUES(203360145,'Santiago','Romay Barbosa',50678496351,51,'Activo','romaybarsan@gmail.com',3002045068,02,64);
INSERT INTO member VALUES(00010076966,'Jenny','Lopez Morales',18095356500,35,'Activo','lopezmorales@gmail.com',3002078693,06,27);
INSERT INTO member VALUES(406998547,'Rodolfo','Jimenez Castillo',50682157046,31,'Activo','olfocast@gmail.com',3002078693,06,27);
INSERT INTO member VALUES(108967435,'Guillermo','Guillen Gomez',50665847637,48,'Activo','guigomez@gmail.com',3002754421,18,04);
INSERT INTO member VALUES(214690877,'Andrea','Hidalgo Guzman',50670315162,25,'Activo','guzhidal@gmail.com',3002754421,18,04);
INSERT INTO member VALUES(6084107319,'Jimena','Osorio Tenorio',50660054781,55,'Inactivo','menatenorio@hotmail.com',3002800540,36,12);
INSERT INTO member VALUES(365148956,'Sabina','Rodriguez Hernandez',50687569412,46,'Activo','rodrhernansab@gmail.com',3002800540,36,12);
INSERT INTO member VALUES(102890141,'Ana','Aragon Arauz',50672854123,53,'Inactivo','arauzgonana@ghotmail.com',3002800540,36,12);
INSERT INTO member VALUES(102364897,'Maria','Gamboa Mata',50689457123,42,'Inactivo','gambriama@gmail.com',3002800540,40,12);
INSERT INTO member VALUES(703486957,'Julio','Robleto Rodriguez',50684756123,35,'Activo','juliorodirguez@gmail.com',3002674149,264,07);
INSERT INTO member VALUES(636210569,'Jones','Cruz Diaz',50689513269,39,'Inactivo','jonescruz@gmail.com',3002674149,264,08);
INSERT INTO member VALUES(405741071,'Cesar','Solartes Salazar',50678924651,34,'Activo','sarlater@gmail.com',3002045068,09,15);
INSERT INTO member VALUES(512780517,'Justin','Solano Villalta',50661258476,49,'Activo','villaltin@gmail.com',3002754421,52,03);
INSERT INTO member VALUES(105976012,'Elizabeth','Monge Villagra',50685456210,26,'Activo','mongeliza@gmail.com',3002754421,63,03);
INSERT INTO member VALUES(306450211,'Genesis','Santana Arguedas',50682134715,37,'Activo','santanarguedas@hotmail.com',3002078693,08,37);

--INSERT IN THE TABLE beneficiary
INSERT INTO beneficiary VALUES(10227487,'Lucia', 'Montero', 86652998,'25m norte del BCR, Abangares, Guanacaste, Costa Rica', 'lucimontero@gmail.com' ,63);
INSERT INTO beneficiary VALUES(30105673,'Martin', 'Figueres', 50684685490,'100m oeste de la Iglesia, Belen, Heredia', 'martinarafi@gmail.com', 07);
INSERT INTO beneficiary VALUES(508970345,'Mariana', 'Perez', 50687654321,'150m norte de la Iglesia, Belen, Heredia, Costa Rica', 'marianaperez@gmail.com', 02);
INSERT INTO beneficiary VALUES(598712897,'Enrique', 'Cruz', 50689765645,'250m norte de Mundo Plastico, La Fortuna, San Carlos, Costa Rica', 'enricruz@gmail.com', 06);
INSERT INTO beneficiary VALUES(607890543,'Juana', 'Solano', 50689123456,'100m sur del BCR, La Fortuna, San Carlos, Costa Rica', 'juanasolano@gmail.com', 18);
INSERT INTO beneficiary VALUES(11643089,'Juan', 'Murillo', 50687897678,'50m de la iglesia, Los Angeles, San Carlos, Costa Rica', 'juanmurillo@gmail.com', 36);
INSERT INTO beneficiary VALUES(200889023,'Maria', 'Bonilla', 50684505050,'500 oeste del colegio, Coto Brus, Puntarenas, Costa Rica', 'mariabonilla@gmail.com', 08);
INSERT INTO beneficiary VALUES(345671529,'Luz', 'Carrillo', 50689864567,'10m del lavado de carros Garabito, Puntarenas, Costa Rica', 'luzcarrillo@gmail.com', 40);
INSERT INTO beneficiary VALUES(106218923,'Jesus', 'Loarte', 50688909089,'100m de la playa Rajada, La Cruz, Guanacaste, Costa Rica', 'jesusloarte@gmail.com', 264);
INSERT INTO beneficiary VALUES(27816245,'Julio', 'Cesar', 50687908932,'Frente a la escuelita, Los Chiles, Alajuela, Costa Rica', 'juliocesar@gmail.com', 09);
INSERT INTO beneficiary VALUES(761235789,'Julia', 'Vargas', 50689886543,'90m del cruce, Palmares, Alajuela, Costa Rica', 'juliavargas@gmail.com', 52);
INSERT INTO beneficiary VALUES(461276512,'Laura', 'Coto', 50676564636,'Frente a la clinica, Puriscal, San Jose, Costa Rica', 'lauracoto@gmail.com', 36);
INSERT INTO beneficiary VALUES(751277873,'Marco', 'Vargas', 50664567890,'Frente a la Iglesia Catolica, Puerto Jimenez, Puntarenas, Costa Rica', 'marcovargas@gmail.com', 08);
INSERT INTO beneficiary VALUES(267823190,'Cristina', 'Murillo', 50676898975,'A un costado de la Iglesia, Zarcero, Alajuela, Costa Rica', 'crismurillo@gmail.com', 40);
INSERT INTO beneficiary VALUES(190127873,'Pedro', 'Gonzalez', 50687896078,'Frente a la carniceria Maroto, Ciudad Quesada, Alajuela, Costa Rica', 'pedrogonzalez@gmail.com', 264);

--INSERT IN THE TABLE sponsor
INSERT INTO sponsor VALUES(206410512,'Melany Molina','molina@gmail.com','Activo',50689745123,63);
INSERT INTO sponsor VALUES(102380512,'Humberto Diaz','humberto@gmail.com','Activo',50676598472,07);
INSERT INTO sponsor VALUES(308110741,'Yamileth Gonzalez','gonzalez@gmail.com','Inactivo',50664512653,02);
INSERT INTO sponsor VALUES(708940561,'Fausto Gusman','gusman@gmail.com','Activo',50665894173,06);
INSERT INTO sponsor VALUES(263540178,'Guillermina Ruiz','guilleruiz@gmail.com','Activo',50665487906,18);
INSERT INTO sponsor VALUES(256740123,'Yirlany Sandoval','yirsan@gmail.com','Activo',50676894501,36);
INSERT INTO sponsor VALUES(102781748,'Alonso Ballestero','balles@gmail.com','Activo',50664859742,08);
INSERT INTO sponsor VALUES(210580356,'Santiago Porras','santi@gmail.com','Activo',50662514963,40);
INSERT INTO sponsor VALUES(601230547,'Allan Cruz','cruzallan@gmail.com','Activo',50684052176,264);
INSERT INTO sponsor VALUES(498710213,'Girasol Jara','soljara@gmail.com','Activo',50685269241,09);
INSERT INTO sponsor VALUES(395467896,'Fabricio Ponce','fabponce@gmail.com','Inactivo',50689714356,52);
INSERT INTO sponsor VALUES(205010426,'Filomena Hernandez','mena@gmail.com','Activo',50683571437,09);
INSERT INTO sponsor VALUES(107890531,'Joel Flores','joelf@gmail.com','Activo',50685963147,52);
INSERT INTO sponsor VALUES(564120371,'Celeste Rojas','celrojas@gmail.com','Inactivo',50682976124,08);
INSERT INTO sponsor VALUES(601910891,'Sandra Herrera','hersandra@gmail.com','Activo',50686374936,40);

--INSERT IN THE TABLE other_donations
INSERT INTO other_donations VALUES(1, '24/05/2009', 'Donacion de sillas en colegios de zonas rurales', 5000000, 206410512);
INSERT INTO other_donations VALUES(2, '18/01/2010', 'Donacion de libros a escuelas de bajos recursos', 10000000, 102380512);
INSERT INTO other_donations VALUES(3, '01/01/2015', 'Donacion de juguetes en Hogar Infantil Brotes de Olivo', 1500000, 308110741);
INSERT INTO other_donations VALUES(4, '09/12/2014', 'Donacion de estantes para orfanatos', 10000000, 708940561);
INSERT INTO other_donations VALUES(5, '14/09/2017', 'Donacion de sillas de ruedas en clinicas de zonas rurales', 150000000, 263540178);
INSERT INTO other_donations VALUES(6, '06/08/2015', 'Donacion de mesas en colegios rurales', 15000000, 256740123);
INSERT INTO other_donations VALUES(7, '23/04/2005', 'Donacion de sillas de ruedas en centros de rehabilitacion', 100000000,102781748);
INSERT INTO other_donations VALUES(8, '17/01/2018', 'Donacion de elementos para estimulacion en centros de rehabilitacion', 10000000,210580356);
INSERT INTO other_donations VALUES(9, '20/15/2013', 'Donacion de ropa en Fundacion Construyendo Sonrisas', 10000000, 601230547);
INSERT INTO other_donations VALUES(10,'12/12/2012', 'Donacion de juguetes en zonas indigenas', 10000000, 498710213);
INSERT INTO other_donations VALUES(15,'27/08/2019', 'Donacion de utiles escolares en zonas indigenas', 20000000, 395467896);
INSERT INTO other_donations VALUES(11,'18/07/2018', 'Donacion de computadoras en centros educativos de zonas rurales', 25000000, 205010426);
INSERT INTO other_donations VALUES(12,'03/03/2006', 'Donacion de pantallas en escuelas de bajos recursos', 10000000, 107890531);
INSERT INTO other_donations VALUES(13,'25/05/2019', 'Donacion de electrodomesticos en hogares de ancianos', 30000000, 564120371);
INSERT INTO other_donations VALUES(14,'30/11/2019', 'Donacion de camas y colchones en hospitales', 100000000, 601910891);

--INSERT IN THE TABLE economic_entry
INSERT INTO economic_entry VALUES(03,'Aporte para proyecto','02/08/2015',1458623,206410512);
INSERT INTO economic_entry VALUES(17,'Ayuda economica para el proyecto de construcción','01/05/2021',5236500,102380512);
INSERT INTO economic_entry VALUES(36,'Aporte economico para celebración de niños','08/09/2010',25000,308110741);
INSERT INTO economic_entry VALUES(49,'Aporte economico para proyecto equinoterapia','02/08/2015',1458623,708940561);
INSERT INTO economic_entry VALUES(53,'Aporte para proyecto equinoterapia','06/11/2014',1452000,263540178);
INSERT INTO economic_entry VALUES(95,'Aporte para proyecto','04/08/2011',1458623,256740123);
INSERT INTO economic_entry VALUES(1014,'Aporte economico para proyecto ven al cine conmigo','10/11/2009',1458623,102781748);
INSERT INTO economic_entry VALUES(289,'Aporte para Lecheton','03/03/2000',775000,210580356);
INSERT INTO economic_entry VALUES(78,'Aporte para proyecto enjoy','12/07/2005',1458623,601230547);
INSERT INTO economic_entry VALUES(24,'Aporte economico para proyecto rueditas de amor','12/06/2004',2000000,498710213);
INSERT INTO economic_entry VALUES(59,'Aporte economico para proyecto magico sueño de amor','20/03/2007',375000,395467896);
INSERT INTO economic_entry VALUES(41,'Aporte economico para bebidas para voluntarios del proyecto peaje voluntario','07/05/2002',75000,205010426);
INSERT INTO economic_entry VALUES(54,'Aporte para proyecto ven al cine conmigo','07/11/2009',150000,107890531);
INSERT INTO economic_entry VALUES(23,'Aporte economico para proyecto magico sueño de amor','02/03/2007',2500000,564120371);
INSERT INTO economic_entry VALUES(74,'Aporte economico para celebración de niños','02/09/2000',175000,601910891);

--INSERT IN THE TABLE bill_payment
INSERT INTO bill_payment VALUES(015684, '24/05/2019', 1000000, 'Agua', 'Pago del agua por mes', 3, 3002045068);
INSERT INTO bill_payment VALUES(015736, '12/11/2018', 700000, 'Luz', 'Pago de luz de un mes', 2, 3002078693);
INSERT INTO bill_payment VALUES(025894, '02/08/2020', 200000,'Agua', 'Pago de agua de tres meses', 5, 3002754421);
INSERT INTO bill_payment VALUES(028961, '23/07/2018', 120000, 'Internet', 'Pago de internet de un mes', 0, 3002800540);
INSERT INTO bill_payment VALUES(035687, '23/11/2017', 100000, 'Basura', 'Pago de basura de un mes', 0, 3002674149);
INSERT INTO bill_payment VALUES(031684, '14/03/2019', 110000, 'Luz', 'Pago de luz de 15 dias', 5, 3002045068);
INSERT INTO bill_payment VALUES(041520, '27/07/2021', 70000, 'Agua', 'Pago de agua de un mes', 0, 3002078693);
INSERT INTO bill_payment VALUES(046986, '15/02/2020', 120000, 'Basura', 'Pago de basuta de un mes', 0, 3002754421);
INSERT INTO bill_payment VALUES(057982, '04/09/2020', 500000, 'Luz', 'Pago de luz de un mes', 2, 3002800540);
INSERT INTO bill_payment VALUES(051998, '19/10/2017', 900000, 'Agua', 'Pago de agua de un mes', 3, 3002674149);
INSERT INTO bill_payment VALUES(069191, '05/09/2020', 350000, 'Internet', 'Pago de internet de un mes', 5, 3002045068);
INSERT INTO bill_payment VALUES(061565, '23/07/2022', 1000000, 'Telefono', 'Pago de telefono de dos meses', 10, 3002078693);
INSERT INTO bill_payment VALUES(071568, '02/07/2016', 100000, 'Internet', 'Pago de internet de un mes', 4, 3002754421);
INSERT INTO bill_payment VALUES(079891, '23/07/2015', 250000, 'Telefono', 'Pago de telefono de un mes', 2, 3002800540);
INSERT INTO bill_payment VALUES(082546, '23/01/2020', 120000, 'Internet', 'Pago de internet de un mes', 0, 3002674149);

--INSERT IN THE TABLE national_or_international_meeting
INSERT INTO national_or_international_meeting VALUES(01, '70', 'Presencial', '9:00 am', '24/05/2018', 02);
INSERT INTO national_or_international_meeting VALUES(08, '100', 'Virtual', '2:00 pm', '25/05/2020', 64);
INSERT INTO national_or_international_meeting VALUES(33, '95', 'Presencial', '3:00 pm', '05/06/2006', 27);
INSERT INTO national_or_international_meeting VALUES(24, '30', 'Virtual', '8:00 am', '13/06/2021', 04);
INSERT INTO national_or_international_meeting VALUES(44, '45', 'Virtual', '10:00 am', '20/11/2019', 12);
INSERT INTO national_or_international_meeting VALUES(06, '150', 'Presencial', '1:00 pm', '10/01/2019', 07);
INSERT INTO national_or_international_meeting VALUES(88, '20', 'Virtual', '8:00 am', '15/02/2020', 08);
INSERT INTO national_or_international_meeting VALUES(09, '90', 'Presencial', '6:00 pm', '25/05/2018', 02);
INSERT INTO national_or_international_meeting VALUES(25, '25', 'Presencial', '9:00 am', '15/11/1971', 15);
INSERT INTO national_or_international_meeting VALUES(65, '124', 'Virtual', '3:00 pm', '30/05/2020', 03);
INSERT INTO national_or_international_meeting VALUES(13, '85', 'Presencial', '3:00 pm', '23/06/2016', 37);
INSERT INTO national_or_international_meeting VALUES(05, '35', 'Presencial', '5:00 pm', '09/12/2001', 24);
INSERT INTO national_or_international_meeting VALUES(95, '75', 'Presencial', '1:00 pm', '11/11/2011', 16);
INSERT INTO national_or_international_meeting VALUES(49, '60', 'Presencial', '8:30 am', '10/09/2007', 09);
INSERT INTO national_or_international_meeting VALUES(71, '50', 'Virtual', '12:30 pm', '30/10/2013', 11);

--INSERT IN THE TABLE volunteer
INSERT INTO volunteer VALUES(306140265,'Alex','Monge',50687836253,'monalex@gmail.com',3002045068);
INSERT INTO volunteer VALUES(205890671,'Monica','Marenco',50662935486,'marencomonx@gmail.com',3002078693);
INSERT INTO volunteer VALUES(705810562,'Guillermo','Arias',50682547156,'qriasgui@gmail.com',3002754421);
INSERT INTO volunteer VALUES(205890672,'Marily','Monrrey',50662935486,'marencomonx@gmail.com',3002800540);
INSERT INTO volunteer VALUES(305940147,'Jenifer','Arauz',50683513962,'arauzjeni@gmail.com',3002674149);
INSERT INTO volunteer VALUES(201147863,'Jimena','Gomez',50675869104,'menago@gmail.com',3002674149);
INSERT INTO volunteer VALUES(405817241,'Belen','Gutierrez',50686915243,'gubelen@gmail.com',3002078693);
INSERT INTO volunteer VALUES(502110563,'Adonis','Flores',50686914520,'adonif@gmail.com',3002674149);
INSERT INTO volunteer VALUES(602347893,'Rosa','Blanco',50676928354,'roblanc@gmail.com',3002754421);
INSERT INTO volunteer VALUES(708640142,'Ester','Figueres',50667562849,'figuester@gmail.com',3002674149);
INSERT INTO volunteer VALUES(789647231,'Pablo','Valverde',50666958814,'valverdep@gmail.com',3002045068);
INSERT INTO volunteer VALUES(501236541,'Esmeralda','Sandoval',50672560389,'sandesme@gmail.com',3002800540);
INSERT INTO volunteer VALUES(2145709687,'Cesar','Hugalde',50672536891,'cesarh@gmail.com',3002078693);
INSERT INTO volunteer VALUES(4652189524,'Abraham','Solis',50686847112,'solisabram@gmail.com',3002045068);
INSERT INTO volunteer VALUES(608610798,'Mara','Jordan',50669547218,'jordanmara@gmail.com',3002674149);

--INSERT IN THE TABLE club_meeting
INSERT INTO club_meeting VALUES(25,'18/09/2022','5:00pm','Presencial','Socios','6',109511760);
INSERT INTO club_meeting VALUES(52,'19/01/2021','4:00pm','Presencial','Socios','7',206110897);
INSERT INTO club_meeting VALUES(02,'07/09/2004','5:00pm','Virtual','Junta Directiva','10',203360145);
INSERT INTO club_meeting VALUES(13,'06/07/2008','6:00pm','Presencial','Socios','12',00010076966);
INSERT INTO club_meeting VALUES(37,'11/06/2007','10:00am','Virtual','Socios','17',406998547);
INSERT INTO club_meeting VALUES(61,'17/08/2003','1:00pm','Virtual','Junta Directiva','10',108967435);
INSERT INTO club_meeting VALUES(81,'07/05/2009','5:00pm','Virtual','Socios','14',214690877);
INSERT INTO club_meeting VALUES(74,'06/04/2000','3:00pm','Presencial','Junta Directiva','6',6084107319);
INSERT INTO club_meeting VALUES(11,'07/03/2001','9:00am','Presencial','Socios','10',365148956);
INSERT INTO club_meeting VALUES(09,'03/02/2002','5:00pm','Virtual','Socios','20',102890141);
INSERT INTO club_meeting VALUES(07,'06/07/1999','6:00pm','Presencial','Junta Directiva','5',102364897);
INSERT INTO club_meeting VALUES(18,'08/04/2021','7:00pm','Presencial','Socios','7',703486957);
INSERT INTO club_meeting VALUES(06,'21/01/2020','11:00am','Virtual','Socios','12',636210569);
INSERT INTO club_meeting VALUES(03,'27/06/2018','2:00pm','Presencial','Junta Directiva','11',405741071);
INSERT INTO club_meeting VALUES(12,'30/09/2017','9:30am','Virtual','Socios','17',512780517);
INSERT INTO club_meeting VALUES(05,'29/03/2022','3:30pm','Presencial','Socios','25',105976012);
INSERT INTO club_meeting VALUES(10,'24/10/2022','6:30pm','Virtual','Socios','15',105976012);

--INSERT IN THE TABLE payment
INSERT INTO payment VALUES(01,'05/06/2019','AYA',45200,'Se cancelo el monto del agua',3002674149);				   
INSERT INTO payment VALUES(02,'16/04/2012','ICE',15600,'Se cancelo el monto del internet',3002045068);
INSERT INTO payment VALUES(03,'13/07/2006','AYA',35100,'Se cancelo el monto del agua',3002078693);
INSERT INTO payment VALUES(04,'21/08/2011','Librería',10500,'Se compro papeleria y utiles',3002754421);
INSERT INTO payment VALUES(05,'27/05/2015','ICE',17800,'Se cancelo el monto de la luz',3002800540);
INSERT INTO payment VALUES(06,'30/08/2009','Alquiler',75000,'Se cancelo el monto del alquiler',3002674149);
INSERT INTO payment VALUES(07,'20/11/2014','AYA',22500,'Se cancelo el monto del agua',3002754421);
INSERT INTO payment VALUES(08,'15/03/2010','AYA',15800,'Se cancelo el monto del agua',3002045068);
INSERT INTO payment VALUES(09,'21/08/2011','Librería',10500,'Se compro papeleria y utiles',3002800540);
INSERT INTO payment VALUES(10,'18/07/2018','ICE',13500,'Se cancelo el monto del internet',3002754421);
INSERT INTO payment VALUES(11,'01/03/2016','Alquiler',115000,'Se cancelo el monto del alquiler',3002674149);
INSERT INTO payment VALUES(12,'10/08/2004','AYA',12050,'Se cancelo el monto del agua',3002800540);
INSERT INTO payment VALUES(13,'23/05/2010','Librería',5680,'Se compro papeleria y utiles',3002078693);
INSERT INTO payment VALUES(14,'17/02/2000','ICE',5000,'Se cancelo el monto del internet',3002078693);
INSERT INTO payment VALUES(15,'26/05/2017','ICE',11000,'Se cancelo el monto del internet',3002754421);


--INSERT IN THE TABLE payment_to_national
INSERT INTO payment_to_national VALUES(01,'27/09/2022',17500,'Pendiente',3002674149);					   
INSERT INTO payment_to_national VALUES(02,'17/02/2001',16700,'Cancelado',3002045068);
INSERT INTO payment_to_national VALUES(03,'14/10/2017',25400,'Cancelado',3002078693);
INSERT INTO payment_to_national VALUES(04,'29/06/2015',23100,'Cancelado',3002754421);
INSERT INTO payment_to_national VALUES(05,'10/01/2018',14800,'Cancelado',3002800540);
INSERT INTO payment_to_national VALUES(06,'23/10/2022',11700,'Pendiente',3002045068);
INSERT INTO payment_to_national VALUES(07,'30/06/2019',25400,'Cancelado',3002674149);
INSERT INTO payment_to_national VALUES(08,'26/04/2014',32500,'Cancelado',3002800540);
INSERT INTO payment_to_national VALUES(09,'13/09/2013',7250,'Cancelado',3002078693);
INSERT INTO payment_to_national VALUES(10,'07/07/2015',17600,'Cancelado',3002674149);
INSERT INTO payment_to_national VALUES(11,'20/11/2022',21800,'Pendiente',3002754421);
INSERT INTO payment_to_national VALUES(12,'28/02/2021',9500,'Cancelado',3002674149);
INSERT INTO payment_to_national VALUES(13,'14/12/2022',13450,'Pendiente',3002800540);
INSERT INTO payment_to_national VALUES(14,'30/09/2018',14800,'Cancelado',3002754421);
INSERT INTO payment_to_national VALUES(15,'31/11/2016',22640,'Cancelado',3002674149);

--INSERT IN THE TABLE membership_payment
INSERT INTO membership_payment VALUES(01,'Cancelado', 5250, '03/06/2012',109511760);
INSERT INTO membership_payment VALUES(02,'Cancelado',6750,'13/07/2007',206110897);
INSERT INTO membership_payment VALUES(06,'Pendiente',10000,'19/04/2010',203360145);
INSERT INTO membership_payment VALUES(72,'Cancelado',6550,'07/12/2014',00010076966);
INSERT INTO membership_payment VALUES(41,'Cancelado',7250,'21/08/2016',406998547);
INSERT INTO membership_payment VALUES(58,'Pendiente',12250,'23/09/1999',108967435);
INSERT INTO membership_payment VALUES(63,'Cancelado',6325,'14/02/2015',214690877);
INSERT INTO membership_payment VALUES(51,'Cancelado',5000,'01/04/1996',6084107319);
INSERT INTO membership_payment VALUES(67,'Cancelado',7850,'17/01/2017',365148956);
INSERT INTO membership_payment VALUES(98,'Pendiente',15000,'06/12/2014',102890141);
INSERT INTO membership_payment VALUES(65,'Cancelado',3620,'24/11/2001',102364897);
INSERT INTO membership_payment VALUES(12,'Cancelado',5745,'09/10/1995',703486957);
INSERT INTO membership_payment VALUES(17,'Pendiente',11500,'07/12/2014',636210569);
INSERT INTO membership_payment VALUES(19,'Pendiente',8950,'21/08/2016',405741071);
INSERT INTO membership_payment VALUES(20,'Cancelado',13675,'07/12/2014',512780517);

--INSERT IN THE TABLE event
INSERT INTO event VALUES(1,'20/08/2020','Seminario','de clubes',5000);
INSERT INTO event VALUES(2,'20/08/2020','Conferencia','nacional',500000);
INSERT INTO event VALUES(3,'05/07/2021','Charlas','internacional',1000000);
INSERT INTO event VALUES(4,'17/07/2022','Convención','de clubes',700000);
INSERT INTO event VALUES(5,'20/05/2021','Rueda de prensa','nacional',850000);
INSERT INTO event VALUES(6,'20/03/2020','Junta general','internacional',300000);
INSERT INTO event VALUES(7,'20/02/2022','Feria','de clubes',1300000);
INSERT INTO event VALUES(8,'20/11/2021','Conferencia','nacional',170000);
INSERT INTO event VALUES(9,'20/10/2020','Reunion general','internacional',660000);
INSERT INTO event VALUES(10,'20/04/2020','Feria','de clubes',480000);
INSERT INTO event VALUES(11,'20/06/2022','Seminario','nacional',2000500);
INSERT INTO event VALUES(12,'20/03/2021','Cena de seminario','internacional',1300000);
INSERT INTO event VALUES(13,'20/05/2020','Reunion y seminario general','de clubes',900000);
INSERT INTO event VALUES(14,'20/12/2018','Junta directiva general','nacional',560000);				 
INSERT INTO event VALUES(15,'20/11/2021','Convención entre clubes','internacional',790000);

--INSERT IN THE TABLE social_media
INSERT INTO social_media VALUES(1, 'Facebook', 300000, 3002674149);
INSERT INTO social_media VALUES(11, 'Instagram', 3521010, 3002674149);
INSERT INTO social_media VALUES(111, 'Telegram', 200, 3002674149);
INSERT INTO social_media VALUES(1111, 'WhatsApp', 30, 3002674149);
INSERT INTO social_media VALUES(2, 'Facebook', 326, 3002045068);
INSERT INTO social_media VALUES(22, 'Instagram', 714, 3002045068);
INSERT INTO social_media VALUES(222, 'Telegram', 95, 3002045068);
INSERT INTO social_media VALUES(2222, 'WhatsApp', 25 , 3002045068);
INSERT INTO social_media VALUES(3, 'Instagram', 661, 3002078693);
INSERT INTO social_media VALUES(33, 'Facebook', 4025, 3002078693);
INSERT INTO social_media VALUES(333, 'Telegram', 325, 3002078693);
INSERT INTO social_media VALUES(3333, 'WhatsApp', 61, 3002078693);
INSERT INTO social_media VALUES(4, 'Facebook', 925, 3002754421);
INSERT INTO social_media VALUES(44, 'Instagram', 614, 3002754421);
INSERT INTO social_media VALUES(444, 'Telegram', 22, 3002754421);
INSERT INTO social_media VALUES(4444, 'WhatsApp', 32, 3002754421);
INSERT INTO social_media VALUES(5, 'Instagram', 725, 3002800540);
INSERT INTO social_media VALUES(55, 'Facebook', 1426, 3002800540);
INSERT INTO social_media VALUES(555, 'Telegram', 15, 3002800540);
INSERT INTO social_media VALUES(5555, 'WhatsApp', 23, 3002800540);

--INSERT IN THE TABLE camaraderie
INSERT INTO camaraderie VALUES(1, 'Metropoli', 'martes', 200, 1 );
INSERT INTO camaraderie VALUES(2, 'Metropoli', 'Martes', 200, 2 );
INSERT INTO camaraderie VALUES(3, 'San Jose', 'Domingo', 300, 3 );
INSERT INTO camaraderie VALUES(4, 'Tres Rios', 'Martes', 400, 4 );
INSERT INTO camaraderie VALUES(5, 'Limón', 'Jueves', 100, 5 );
INSERT INTO camaraderie VALUES(6, 'Tilaran', 'Domingo', 240, 6 );
INSERT INTO camaraderie VALUES(7, 'Limón', 'Martes', 350, 7 );
INSERT INTO camaraderie VALUES(8, 'Metropoli', 'Sabado', 178, 8 );
INSERT INTO camaraderie VALUES(9, 'Tres Rios', 'Lunes', 469, 9 );
INSERT INTO camaraderie VALUES(10, 'San Jose', 'Domingo', 345, 10 );
INSERT INTO camaraderie VALUES(11, 'Limón', 'Jueves', 289, 11 );
INSERT INTO camaraderie VALUES(12, 'San Jose', 'Martes', 89, 12 );
INSERT INTO camaraderie VALUES(13, 'Tilaran', 'Miercoles', 95, 13 );
INSERT INTO camaraderie VALUES(14, 'San Jose', 'Martes', 230, 14 );
INSERT INTO camaraderie VALUES(15, 'Metropoli', 'Sabado', 120, 15 );

--INSERT IN THE TABLE type_project  (ARREGLAR)
INSERT INTO type_project VALUES(01,FALSE,FALSE,FALSE,TRUE,FALSE,63);
INSERT INTO type_project VALUES(02,FALSE,FALSE,FALSE,FALSE,TRUE,07);
INSERT INTO type_project VALUES(03,FALSE,FALSE,TRUE,FALSE,FALSE,02);
INSERT INTO type_project VALUES(04,FALSE,FALSE,TRUE,FALSE,FALSE,06);
INSERT INTO type_project VALUES(05,TRUE,FALSE,FALSE,FALSE,FALSE,18);
INSERT INTO type_project VALUES(06,FALSE,FALSE,FALSE,TRUE,FALSE,36);
INSERT INTO type_project VALUES(07,FALSE,FALSE,TRUE,FALSE,FALSE,08);
INSERT INTO type_project VALUES(08,TRUE,FALSE,FALSE,FALSE,FALSE,40);
INSERT INTO type_project VALUES(09,FALSE,FALSE,TRUE,FALSE,FALSE,264);
INSERT INTO type_project VALUES(10,FALSE,FALSE,FALSE,FALSE,TRUE,09);
INSERT INTO type_project VALUES(11,FALSE,FALSE,FALSE,FALSE,TRUE,52);
INSERT INTO type_project VALUES(12,TRUE,FALSE,FALSE,FALSE,FALSE,72);
INSERT INTO type_project VALUES(13,FALSE,FALSE,TRUE,FALSE,FALSE,14);
INSERT INTO type_project VALUES(14,FALSE,FALSE,FALSE,FALSE,TRUE,13);
INSERT INTO type_project VALUES(15,FALSE,FALSE,FALSE,FALSE,TRUE,45);

--INSERT IN THE TABLE category_project (ARREGLAR)
INSERT INTO category_project VALUES(0123,TRUE,FALSE,63);
INSERT INTO category_project VALUES(0145,FALSE,TRUE,07);
INSERT INTO category_project VALUES(0163,TRUE,FALSE,02);
INSERT INTO category_project VALUES(0127,TRUE,FALSE,06);
INSERT INTO category_project VALUES(0187,TRUE,FALSE,18);
INSERT INTO category_project VALUES(0199,TRUE,FALSE,36);
INSERT INTO category_project VALUES(0153,TRUE,FALSE,08);
INSERT INTO category_project VALUES(0165,TRUE,FALSE,40);
INSERT INTO category_project VALUES(0167,TRUE,FALSE,264);
INSERT INTO category_project VALUES(0135,FALSE,TRUE,09);
INSERT INTO category_project VALUES(0198,TRUE,FALSE,52);
INSERT INTO category_project VALUES(0178,TRUE,FALSE,72);
INSERT INTO category_project VALUES(0134,FALSE,TRUE,14);
INSERT INTO category_project VALUES(0180,FALSE,TRUE,13);
INSERT INTO category_project VALUES(0156,FALSE,TRUE,45);

--INSERT IN THE TABLE INTERMEDIATE attend_member_event
INSERT INTO attend_member_event VALUES(206110897, 1);
INSERT INTO attend_member_event VALUES(203360145, 2);
INSERT INTO attend_member_event VALUES(00010076966, 3);
INSERT INTO attend_member_event VALUES(406998547, 4);
INSERT INTO attend_member_event VALUES(108967435, 5);
INSERT INTO attend_member_event VALUES(214690877, 6);
INSERT INTO attend_member_event VALUES(6084107319, 7);
INSERT INTO attend_member_event VALUES(365148956, 8);
INSERT INTO attend_member_event VALUES(102890141, 9);
INSERT INTO attend_member_event VALUES(102364897, 10);
INSERT INTO attend_member_event VALUES(703486957, 11);
INSERT INTO attend_member_event VALUES(636210569, 12);
INSERT INTO attend_member_event VALUES(405741071, 13);
INSERT INTO attend_member_event VALUES(512780517, 14);
INSERT INTO attend_member_event VALUES(105976012, 15);